<?xml version="1.0" encoding="UTF-8"?>
<jcr:root xmlns:sling="http://sling.apache.org/jcr/sling/1.0" xmlns:cq="http://www.day.com/jcr/cq/1.0" xmlns:jcr="http://www.jcp.org/jcr/1.0" xmlns:mix="http://www.jcp.org/jcr/mix/1.0" xmlns:nt="http://www.jcp.org/jcr/nt/1.0"
    jcr:primaryType="cq:Page">
    <jcr:content
        cq:lastModified="{Date}2021-04-11T10:51:22.047Z"
        cq:lastModifiedBy="nicolas.hirrle@valtech.com"
        cq:template="/conf/valtech-ch/settings/wcm/templates/artist-detail-page"
        jcr:isCheckedOut="{Boolean}true"
        jcr:mixinTypes="[mix:versionable]"
        jcr:primaryType="cq:PageContent"
        jcr:title="Samuel G"
        jcr:uuid="3641927a-cdd3-464a-aa98-94e248d7fca7"
        sling:resourceType="core/wcm/components/page/v2/page"
        socialMedia="[facebook,pinterest]">
        <root
            jcr:primaryType="nt:unstructured"
            sling:resourceType="core/wcm/components/container/v1/container">
            <container
                jcr:primaryType="nt:unstructured"
                sling:resourceType="core/wcm/components/container/v1/container"
                layout="responsiveGrid">
                <image
                    jcr:created="{Date}2021-03-11T13:00:05.800Z"
                    jcr:createdBy="lena.mumenthaler@valtech.com"
                    jcr:lastModified="{Date}2021-04-11T10:51:22.026Z"
                    jcr:lastModifiedBy="nicolas.hirrle@valtech.com"
                    jcr:primaryType="nt:unstructured"
                    sling:resourceType="core/wcm/components/image/v2/image"
                    altValueFromDAM="true"
                    displayPopupTitle="true"
                    fileReference="/content/dam/valtech-ch/pexels-tima-miroshnichenko-5118496.jpg"
                    isDecorative="false"
                    titleValueFromDAM="true">
                    <cq:responsive jcr:primaryType="nt:unstructured">
                        <default
                            jcr:primaryType="nt:unstructured"
                            offset="0"
                            width="6"/>
                        <phone
                            jcr:primaryType="nt:unstructured"
                            offset="0"
                            width="12"/>
                    </cq:responsive>
                </image>
                <container_1494545722
                    jcr:created="{Date}2021-03-11T12:53:00.208Z"
                    jcr:createdBy="lena.mumenthaler@valtech.com"
                    jcr:lastModified="{Date}2021-03-18T10:49:37.614Z"
                    jcr:lastModifiedBy="lena.mumenthaler@valtech.com"
                    jcr:primaryType="nt:unstructured"
                    sling:resourceType="core/wcm/components/container/v1/container"
                    backgroundImageReference="/content/dam/valtech-ch/background-shapes.png"
                    layout="responsiveGrid">
                    <cq:responsive jcr:primaryType="nt:unstructured">
                        <default
                            jcr:primaryType="nt:unstructured"
                            offset="0"
                            width="6"/>
                        <phone
                            jcr:primaryType="nt:unstructured"
                            offset="0"
                            width="12"/>
                    </cq:responsive>
                    <contentfragmentlist
                        cq:styleIds="[1616144726190]"
                        jcr:created="{Date}2021-03-19T08:04:38.181Z"
                        jcr:createdBy="lena.mumenthaler@valtech.com"
                        jcr:lastModified="{Date}2021-04-11T10:40:38.917Z"
                        jcr:lastModifiedBy="nicolas.hirrle@valtech.com"
                        jcr:primaryType="nt:unstructured"
                        sling:resourceType="core/wcm/components/contentfragmentlist/v1/contentfragmentlist"
                        maxItems="4"
                        modelPath="/conf/valtech-ch/settings/dam/cfm/models/valtech-ch-music-styles"
                        orderBy="jcr:created"
                        parentPath="/content/dam/valtech-ch/content-fragments/rap"
                        sortOrder="asc">
                        <cq:responsive jcr:primaryType="nt:unstructured">
                            <phone
                                jcr:primaryType="nt:unstructured"
                                behavior="none"
                                offset="0"
                                width="12"/>
                        </cq:responsive>
                    </contentfragmentlist>
                    <title
                        jcr:created="{Date}2021-03-11T12:53:29.135Z"
                        jcr:createdBy="lena.mumenthaler@valtech.com"
                        jcr:lastModified="{Date}2021-03-11T12:53:29.135Z"
                        jcr:lastModifiedBy="lena.mumenthaler@valtech.com"
                        jcr:primaryType="nt:unstructured"
                        sling:resourceType="core/wcm/components/title/v2/title">
                        <cq:responsive jcr:primaryType="nt:unstructured">
                            <default
                                jcr:primaryType="nt:unstructured"
                                offset="0"
                                width="6"/>
                        </cq:responsive>
                    </title>
                    <separator
                        jcr:created="{Date}2021-03-18T10:52:18.507Z"
                        jcr:createdBy="lena.mumenthaler@valtech.com"
                        jcr:lastModified="{Date}2021-03-18T10:52:18.507Z"
                        jcr:lastModifiedBy="lena.mumenthaler@valtech.com"
                        jcr:primaryType="nt:unstructured"
                        sling:resourceType="core/wcm/components/separator/v1/separator"/>
                </container_1494545722>
                <container
                    jcr:created="{Date}2021-03-18T10:33:23.387Z"
                    jcr:createdBy="lena.mumenthaler@valtech.com"
                    jcr:lastModified="{Date}2021-03-18T10:33:23.387Z"
                    jcr:lastModifiedBy="lena.mumenthaler@valtech.com"
                    jcr:primaryType="nt:unstructured"
                    sling:resourceType="core/wcm/components/container/v1/container">
                    <cq:responsive jcr:primaryType="nt:unstructured">
                        <default
                            jcr:primaryType="nt:unstructured"
                            offset="0"
                            width="6"/>
                        <phone
                            jcr:primaryType="nt:unstructured"
                            offset="0"
                            width="12"/>
                    </cq:responsive>
                    <text
                        jcr:created="{Date}2021-03-11T12:59:07.862Z"
                        jcr:createdBy="lena.mumenthaler@valtech.com"
                        jcr:lastModified="{Date}2021-03-18T10:55:10.309Z"
                        jcr:lastModifiedBy="lena.mumenthaler@valtech.com"
                        jcr:primaryType="nt:unstructured"
                        sling:resourceType="core/wcm/components/text/v2/text"
                        text="&lt;p>With a career spanning more than 2 decades Justin Jam is the go to guy when it comes to cutting edge thinking, perfection and a true mastery of his various crafts. During the early 90s with his early productions such as &amp;quot;release yourself&amp;quot;, &amp;quot;heaven knows&amp;quot;, &amp;quot;the cure&amp;quot;, &amp;quot;I like it&amp;quot;, and the mind blowing &amp;quot;welcome to the factory&amp;quot; on his own Hot n Spycy recordings Justin broke new ground and created a deep industrial sound in house music never before heard.&lt;/p>&#xd;&#xa;"
                        textIsRich="true">
                        <cq:responsive jcr:primaryType="nt:unstructured">
                            <default
                                jcr:primaryType="nt:unstructured"
                                offset="0"
                                width="6"/>
                            <phone
                                jcr:primaryType="nt:unstructured"
                                behavior="newline"
                                offset="0"
                                width="12"/>
                        </cq:responsive>
                    </text>
                    <embed
                        jcr:created="{Date}2021-03-19T09:38:16.684Z"
                        jcr:createdBy="jason.wilson@valtech.com"
                        jcr:lastModified="{Date}2021-03-19T09:50:07.106Z"
                        jcr:lastModifiedBy="jason.wilson@valtech.com"
                        jcr:primaryType="nt:unstructured"
                        sling:resourceType="core/wcm/components/embed/v1/embed"
                        html="&lt;div>&lt;iframe width=&quot;100%&quot; height=&quot;166&quot; scrolling=&quot;no&quot; frameborder=&quot;no&quot; allow=&quot;autoplay&quot; src=&quot;https://w.soundcloud.com/player/?url=https%3A//api.soundcloud.com/tracks/896862127&amp;color=%23913030&amp;auto_play=false&amp;hide_related=false&amp;show_comments=true&amp;show_user=true&amp;show_reposts=false&amp;show_teaser=true&quot;>&lt;/iframe>&lt;div style=&quot;font-size: 10px; color: #cccccc;line-break: anywhere;word-break: normal;overflow: hidden;white-space: nowrap;text-overflow: ellipsis; font-family: Interstate,Lucida Grande,Lucida Sans Unicode,Lucida Sans,Garuda,Verdana,Tahoma,sans-serif;font-weight: 100;&quot;>&lt;a href=&quot;https://soundcloud.com/user-405528732&quot; title=&quot;OFFICIAL&quot; target=&quot;_blank&quot; style=&quot;color: #cccccc; text-decoration: none;&quot;>OFFICIAL&lt;/a> · &lt;a href=&quot;https://soundcloud.com/user-405528732/everglow-la-di-da-1&quot; title=&quot;EVERGLOW - LA DI DA&quot; target=&quot;_blank&quot; style=&quot;color: #cccccc; text-decoration: none;&quot;>EVERGLOW - LA DI DA&lt;/a>&lt;/div>&lt;/div>"
                        type="url"
                        url="https://soundcloud.com/user-405528732/everglow-la-di-da-1"/>
                    <button
                        cq:styleIds="[1616061637517]"
                        jcr:created="{Date}2021-03-18T10:21:19.124Z"
                        jcr:createdBy="lena.mumenthaler@valtech.com"
                        jcr:lastModified="{Date}2021-04-11T10:44:17.963Z"
                        jcr:lastModifiedBy="nicolas.hirrle@valtech.com"
                        jcr:primaryType="nt:unstructured"
                        jcr:title="Back"
                        sling:resourceType="core/wcm/components/button/v1/button"
                        icon="back-joder"
                        link="/content/valtech-ch/en/artists/rap-stage">
                        <cq:responsive jcr:primaryType="nt:unstructured">
                            <default
                                jcr:primaryType="nt:unstructured"
                                offset="5"
                                width="1"/>
                        </cq:responsive>
                    </button>
                </container>
            </container>
        </root>
    </jcr:content>
</jcr:root>
