<?xml version="1.0" encoding="UTF-8"?>
<jcr:root xmlns:sling="http://sling.apache.org/jcr/sling/1.0" xmlns:cq="http://www.day.com/jcr/cq/1.0" xmlns:jcr="http://www.jcp.org/jcr/1.0" xmlns:mix="http://www.jcp.org/jcr/mix/1.0" xmlns:nt="http://www.jcp.org/jcr/nt/1.0"
    jcr:primaryType="cq:Page">
    <jcr:content
        cq:lastModified="{Date}2021-03-18T11:05:30.418Z"
        cq:lastModifiedBy="lena.mumenthaler@valtech.com"
        cq:template="/conf/valtech-ch/settings/wcm/templates/artist-detail-page"
        jcr:isCheckedOut="{Boolean}true"
        jcr:mixinTypes="[mix:versionable]"
        jcr:primaryType="cq:PageContent"
        jcr:title="AEM &amp; I"
        jcr:uuid="897fadc8-b685-449d-8b45-058cceceee2b"
        sling:resourceType="core/wcm/components/page/v2/page">
        <root
            jcr:primaryType="nt:unstructured"
            sling:resourceType="core/wcm/components/container/v1/container">
            <container
                jcr:primaryType="nt:unstructured"
                sling:resourceType="core/wcm/components/container/v1/container"
                layout="responsiveGrid">
                <image
                    jcr:created="{Date}2021-03-11T13:00:05.800Z"
                    jcr:createdBy="lena.mumenthaler@valtech.com"
                    jcr:lastModified="{Date}2021-03-11T13:00:05.800Z"
                    jcr:lastModifiedBy="lena.mumenthaler@valtech.com"
                    jcr:primaryType="nt:unstructured"
                    sling:resourceType="core/wcm/components/image/v2/image">
                    <cq:responsive jcr:primaryType="nt:unstructured">
                        <default
                            jcr:primaryType="nt:unstructured"
                            offset="0"
                            width="6"/>
                    </cq:responsive>
                </image>
                <container_1494545722
                    jcr:created="{Date}2021-03-11T12:53:00.208Z"
                    jcr:createdBy="lena.mumenthaler@valtech.com"
                    jcr:lastModified="{Date}2021-03-11T12:53:48.114Z"
                    jcr:lastModifiedBy="lena.mumenthaler@valtech.com"
                    jcr:primaryType="nt:unstructured"
                    sling:resourceType="core/wcm/components/container/v1/container"
                    layout="responsiveGrid">
                    <cq:responsive jcr:primaryType="nt:unstructured">
                        <default
                            jcr:primaryType="nt:unstructured"
                            offset="0"
                            width="6"/>
                    </cq:responsive>
                    <title
                        jcr:created="{Date}2021-03-11T12:53:29.135Z"
                        jcr:createdBy="lena.mumenthaler@valtech.com"
                        jcr:lastModified="{Date}2021-03-11T12:53:29.135Z"
                        jcr:lastModifiedBy="lena.mumenthaler@valtech.com"
                        jcr:primaryType="nt:unstructured"
                        sling:resourceType="core/wcm/components/title/v2/title">
                        <cq:responsive jcr:primaryType="nt:unstructured">
                            <default
                                jcr:primaryType="nt:unstructured"
                                offset="0"
                                width="4"/>
                        </cq:responsive>
                    </title>
                    <sharing
                        jcr:created="{Date}2021-03-11T12:53:51.790Z"
                        jcr:createdBy="lena.mumenthaler@valtech.com"
                        jcr:lastModified="{Date}2021-03-11T12:55:03.419Z"
                        jcr:lastModifiedBy="lena.mumenthaler@valtech.com"
                        jcr:primaryType="nt:unstructured"
                        sling:resourceType="core/wcm/components/sharing/v1/sharing">
                        <cq:responsive jcr:primaryType="nt:unstructured">
                            <default
                                jcr:primaryType="nt:unstructured"
                                offset="0"
                                width="2"/>
                        </cq:responsive>
                    </sharing>
                    <text
                        jcr:created="{Date}2021-03-11T12:59:07.862Z"
                        jcr:createdBy="lena.mumenthaler@valtech.com"
                        jcr:lastModified="{Date}2021-03-11T12:59:07.862Z"
                        jcr:lastModifiedBy="lena.mumenthaler@valtech.com"
                        jcr:primaryType="nt:unstructured"
                        sling:resourceType="core/wcm/components/text/v2/text">
                        <cq:responsive jcr:primaryType="nt:unstructured">
                            <default
                                jcr:primaryType="nt:unstructured"
                                offset="0"
                                width="6"/>
                        </cq:responsive>
                    </text>
                </container_1494545722>
            </container>
        </root>
    </jcr:content>
</jcr:root>
