<?xml version="1.0" encoding="UTF-8"?>
<jcr:root xmlns:sling="http://sling.apache.org/jcr/sling/1.0" xmlns:cq="http://www.day.com/jcr/cq/1.0" xmlns:jcr="http://www.jcp.org/jcr/1.0" xmlns:mix="http://www.jcp.org/jcr/mix/1.0" xmlns:nt="http://www.jcp.org/jcr/nt/1.0"
    jcr:primaryType="cq:Page">
    <jcr:content
        cq:lastModified="{Date}2021-03-11T12:51:09.576Z"
        cq:lastModifiedBy="lena.mumenthaler@valtech.com"
        cq:template="/conf/valtech-ch/settings/wcm/templates/page-content"
        jcr:isCheckedOut="{Boolean}true"
        jcr:mixinTypes="[mix:versionable]"
        jcr:primaryType="cq:PageContent"
        jcr:title="Rock Stage"
        jcr:uuid="f36a27c2-845e-4463-8fa0-c3f56a7c9251"
        sling:resourceType="core/wcm/components/page/v2/page">
        <root
            jcr:primaryType="nt:unstructured"
            sling:resourceType="core/wcm/components/container/v1/container">
            <container
                jcr:primaryType="nt:unstructured"
                sling:resourceType="core/wcm/components/container/v1/container">
                <title
                    jcr:primaryType="nt:unstructured"
                    sling:resourceType="core/wcm/components/title/v2/title"/>
                <container
                    jcr:lastModified="{Date}2021-03-02T08:49:13.069Z"
                    jcr:lastModifiedBy="nicolas.hirrle@valtech.com"
                    jcr:primaryType="nt:unstructured"
                    sling:resourceType="core/wcm/components/container/v1/container"
                    layout="responsiveGrid">
                    <image
                        jcr:created="{Date}2021-03-02T08:48:01.766Z"
                        jcr:createdBy="nicolas.hirrle@valtech.com"
                        jcr:lastModified="{Date}2021-03-02T08:48:01.766Z"
                        jcr:lastModifiedBy="nicolas.hirrle@valtech.com"
                        jcr:primaryType="nt:unstructured"
                        sling:resourceType="core/wcm/components/image/v2/image"/>
                </container>
            </container>
        </root>
    </jcr:content>
    <the-lightbulbs/>
    <dora---the-rainbow-fish/>
    <jack-james/>
    <daughters-and-sons-/>
    <baden-boys/>
    <lena-herself/>
    <www/>
    <aem---i/>
    <cloud-riders/>
    <the-lavenders/>
</jcr:root>
