<?xml version="1.0" encoding="UTF-8"?>
<jcr:root xmlns:sling="http://sling.apache.org/jcr/sling/1.0" xmlns:cq="http://www.day.com/jcr/cq/1.0" xmlns:jcr="http://www.jcp.org/jcr/1.0" xmlns:mix="http://www.jcp.org/jcr/mix/1.0" xmlns:nt="http://www.jcp.org/jcr/nt/1.0"
    jcr:primaryType="cq:Page">
    <jcr:content
        cq:lastModified="{Date}2021-04-09T18:14:14.525Z"
        cq:lastModifiedBy="lena.mumenthaler@valtech.com"
        cq:lastRolledout="{Date}2021-04-11T11:30:32.717Z"
        cq:lastRolledoutBy="nicolas.hirrle@valtech.com"
        cq:template="/conf/valtech-ch/settings/wcm/templates/page-content"
        jcr:isCheckedOut="{Boolean}true"
        jcr:mixinTypes="[cq:LiveRelationship,mix:versionable]"
        jcr:primaryType="cq:PageContent"
        jcr:title="Rock Stage"
        jcr:uuid="b6d1dbfe-647e-4f69-b78c-6edffe61f57a"
        sling:resourceType="core/wcm/components/page/v2/page">
        <root
            cq:lastRolledout="{Date}2021-04-09T18:14:14.506Z"
            cq:lastRolledoutBy="lena.mumenthaler@valtech.com"
            jcr:mixinTypes="[cq:LiveRelationship]"
            jcr:primaryType="nt:unstructured"
            sling:resourceType="core/wcm/components/container/v1/container">
            <container
                cq:lastRolledout="{Date}2021-04-09T18:14:14.515Z"
                cq:lastRolledoutBy="lena.mumenthaler@valtech.com"
                jcr:mixinTypes="[cq:LiveRelationship]"
                jcr:primaryType="nt:unstructured"
                sling:resourceType="core/wcm/components/container/v1/container">
                <title
                    cq:lastRolledout="{Date}2021-04-09T18:14:14.519Z"
                    cq:lastRolledoutBy="lena.mumenthaler@valtech.com"
                    jcr:mixinTypes="[cq:LiveRelationship]"
                    jcr:primaryType="nt:unstructured"
                    sling:resourceType="core/wcm/components/title/v2/title"/>
                <container
                    cq:lastRolledout="{Date}2021-04-09T18:14:14.522Z"
                    cq:lastRolledoutBy="lena.mumenthaler@valtech.com"
                    jcr:lastModified="{Date}2021-04-09T18:14:14.521Z"
                    jcr:lastModifiedBy="nicolas.hirrle@valtech.com"
                    jcr:mixinTypes="[cq:LiveRelationship]"
                    jcr:primaryType="nt:unstructured"
                    sling:resourceType="core/wcm/components/container/v1/container"
                    layout="responsiveGrid">
                    <image
                        cq:lastRolledout="{Date}2021-04-09T18:14:14.526Z"
                        cq:lastRolledoutBy="lena.mumenthaler@valtech.com"
                        jcr:created="{Date}2021-03-02T08:48:01.766Z"
                        jcr:createdBy="nicolas.hirrle@valtech.com"
                        jcr:lastModified="{Date}2021-04-09T18:14:14.525Z"
                        jcr:lastModifiedBy="nicolas.hirrle@valtech.com"
                        jcr:mixinTypes="[cq:LiveRelationship]"
                        jcr:primaryType="nt:unstructured"
                        sling:resourceType="core/wcm/components/image/v2/image"/>
                </container>
            </container>
        </root>
    </jcr:content>
    <the-lightbulbs/>
    <dora---the-rainbow-fish/>
    <jack-james/>
    <daughters-and-sons-/>
    <baden-boys/>
    <lena-herself/>
    <www/>
    <aem---i/>
    <cloud-riders/>
    <the-lavenders/>
</jcr:root>
