<?xml version="1.0" encoding="UTF-8"?>
<jcr:root xmlns:sling="http://sling.apache.org/jcr/sling/1.0" xmlns:cq="http://www.day.com/jcr/cq/1.0" xmlns:jcr="http://www.jcp.org/jcr/1.0" xmlns:mix="http://www.jcp.org/jcr/mix/1.0" xmlns:nt="http://www.jcp.org/jcr/nt/1.0"
    jcr:primaryType="cq:Page">
    <jcr:content
        cq:lastModified="{Date}2021-03-18T19:39:50.019Z"
        cq:lastModifiedBy="ivana.arsova@valtech.com"
        cq:template="/conf/valtech-ch/settings/wcm/templates/artist-detail-page"
        jcr:isCheckedOut="{Boolean}true"
        jcr:mixinTypes="[mix:versionable]"
        jcr:primaryType="cq:PageContent"
        jcr:title="Dora &amp; the rainbow fish"
        jcr:uuid="d8cfc42d-c428-4b51-8ee2-5cae57d7de54"
        sling:resourceType="core/wcm/components/page/v2/page">
        <root
            jcr:primaryType="nt:unstructured"
            sling:resourceType="core/wcm/components/container/v1/container">
            <container
                jcr:primaryType="nt:unstructured"
                sling:resourceType="core/wcm/components/container/v1/container"
                layout="responsiveGrid">
                <image
                    jcr:created="{Date}2021-03-11T13:00:05.800Z"
                    jcr:createdBy="lena.mumenthaler@valtech.com"
                    jcr:lastModified="{Date}2021-03-11T13:00:05.800Z"
                    jcr:lastModifiedBy="lena.mumenthaler@valtech.com"
                    jcr:primaryType="nt:unstructured"
                    sling:resourceType="core/wcm/components/image/v2/image">
                    <cq:responsive jcr:primaryType="nt:unstructured">
                        <default
                            jcr:primaryType="nt:unstructured"
                            offset="0"
                            width="6"/>
                    </cq:responsive>
                </image>
                <container_1494545722
                    jcr:created="{Date}2021-03-11T12:53:00.208Z"
                    jcr:createdBy="lena.mumenthaler@valtech.com"
                    jcr:lastModified="{Date}2021-03-11T12:53:48.114Z"
                    jcr:lastModifiedBy="lena.mumenthaler@valtech.com"
                    jcr:primaryType="nt:unstructured"
                    sling:resourceType="core/wcm/components/container/v1/container"
                    layout="responsiveGrid">
                    <cq:responsive jcr:primaryType="nt:unstructured">
                        <default
                            jcr:primaryType="nt:unstructured"
                            offset="0"
                            width="6"/>
                    </cq:responsive>
                    <title
                        jcr:created="{Date}2021-03-11T12:53:29.135Z"
                        jcr:createdBy="lena.mumenthaler@valtech.com"
                        jcr:lastModified="{Date}2021-03-11T12:53:29.135Z"
                        jcr:lastModifiedBy="lena.mumenthaler@valtech.com"
                        jcr:primaryType="nt:unstructured"
                        sling:resourceType="core/wcm/components/title/v2/title">
                        <cq:responsive jcr:primaryType="nt:unstructured">
                            <default
                                jcr:primaryType="nt:unstructured"
                                offset="0"
                                width="4"/>
                        </cq:responsive>
                    </title>
                    <sharing
                        jcr:created="{Date}2021-03-11T12:53:51.790Z"
                        jcr:createdBy="lena.mumenthaler@valtech.com"
                        jcr:lastModified="{Date}2021-03-11T12:55:03.419Z"
                        jcr:lastModifiedBy="lena.mumenthaler@valtech.com"
                        jcr:primaryType="nt:unstructured"
                        sling:resourceType="core/wcm/components/sharing/v1/sharing">
                        <cq:responsive jcr:primaryType="nt:unstructured">
                            <default
                                jcr:primaryType="nt:unstructured"
                                offset="0"
                                width="2"/>
                        </cq:responsive>
                    </sharing>
                    <text
                        jcr:created="{Date}2021-03-11T12:59:07.862Z"
                        jcr:createdBy="lena.mumenthaler@valtech.com"
                        jcr:lastModified="{Date}2021-03-18T19:39:50.000Z"
                        jcr:lastModifiedBy="ivana.arsova@valtech.com"
                        jcr:primaryType="nt:unstructured"
                        sling:resourceType="core/wcm/components/text/v2/text"
                        text="&lt;p>With a career spanning more than 2 decades Justin Jam is the go to guy when it comes to cutting edge thinking, perfection and a true mastery of his various crafts. During the early 90s with his early productions such as &amp;quot;release yourself&amp;quot;, &amp;quot;heaven knows&amp;quot;, &amp;quot;the cure&amp;quot;, &amp;quot;I like it&amp;quot;, and the mind blowing &amp;quot;welcome to the factory&amp;quot; on his own Hot n Spycy recordings Justin broke new ground and created a deep industrial sound in house music never before heard.&lt;/p>&#xd;&#xa;"
                        textIsRich="true">
                        <cq:responsive jcr:primaryType="nt:unstructured">
                            <default
                                jcr:primaryType="nt:unstructured"
                                offset="0"
                                width="6"/>
                        </cq:responsive>
                    </text>
                </container_1494545722>
            </container>
        </root>
    </jcr:content>
</jcr:root>
