<?xml version="1.0" encoding="UTF-8"?>
<jcr:root xmlns:sling="http://sling.apache.org/jcr/sling/1.0" xmlns:cq="http://www.day.com/jcr/cq/1.0" xmlns:jcr="http://www.jcp.org/jcr/1.0" xmlns:nt="http://www.jcp.org/jcr/nt/1.0"
    jcr:primaryType="cq:Page">
    <jcr:content
        cq:lastModified="{Date}2021-04-01T15:13:06.228Z"
        cq:lastModifiedBy="lena.mumenthaler@valtech.com"
        cq:tags="[]"
        cq:template="/conf/valtech-ch/settings/wcm/templates/xf-web-variation"
        cq:xfVariantType="web"
        jcr:primaryType="cq:PageContent"
        jcr:title="Dark Header"
        sling:resourceType="cq/experience-fragments/components/xfpage">
        <root
            jcr:primaryType="nt:unstructured"
            sling:resourceType="core/wcm/components/container/v1/container"
            layout="responsiveGrid">
            <image_copy
                jcr:created="{Date}2021-03-11T10:37:58.859Z"
                jcr:createdBy="lena.mumenthaler@valtech.com"
                jcr:lastModified="{Date}2021-04-01T15:13:06.134Z"
                jcr:lastModifiedBy="lena.mumenthaler@valtech.com"
                jcr:primaryType="nt:unstructured"
                sling:resourceType="core/wcm/components/image/v2/image"
                alt="Logo thefestival_"
                altValueFromDAM="false"
                displayPopupTitle="true"
                fileReference="/content/dam/valtech-ch/site_logo_light.svg"
                isDecorative="false"
                linkURL="/content/valtech-ch/en/home"
                titleValueFromDAM="true">
                <cq:responsive jcr:primaryType="nt:unstructured">
                    <default
                        jcr:primaryType="nt:unstructured"
                        offset="0"
                        width="3"/>
                    <phone
                        jcr:primaryType="nt:unstructured"
                        offset="0"
                        width="8"/>
                </cq:responsive>
            </image_copy>
            <navigation_copy
                jcr:created="{Date}2021-03-11T10:38:57.460Z"
                jcr:createdBy="lena.mumenthaler@valtech.com"
                jcr:lastModified="{Date}2021-03-18T15:43:13.025Z"
                jcr:lastModifiedBy="ivana.arsova@valtech.com"
                jcr:primaryType="nt:unstructured"
                sling:resourceType="core/wcm/components/navigation/v1/navigation"
                collectAllPages="false"
                disableShadowing="false"
                id="navigation-main"
                navigationRoot="/content/valtech-ch/en"
                structureDepth="1"
                structureStart="1">
                <cq:responsive jcr:primaryType="nt:unstructured">
                    <default
                        jcr:primaryType="nt:unstructured"
                        offset="0"
                        width="9"/>
                </cq:responsive>
            </navigation_copy>
            <languagenavigation_c
                jcr:created="{Date}2021-03-11T10:39:13.956Z"
                jcr:createdBy="lena.mumenthaler@valtech.com"
                jcr:lastModified="{Date}2021-03-18T15:43:37.430Z"
                jcr:lastModifiedBy="ivana.arsova@valtech.com"
                jcr:primaryType="nt:unstructured"
                sling:resourceType="core/wcm/components/languagenavigation/v1/languagenavigation"
                id="navigation-lan"
                navigationRoot="/content/valtech-ch"
                structureDepth="1">
                <cq:responsive jcr:primaryType="nt:unstructured">
                    <default
                        jcr:primaryType="nt:unstructured"
                        offset="0"
                        width="1"/>
                </cq:responsive>
            </languagenavigation_c>
        </root>
    </jcr:content>
</jcr:root>
