<?xml version="1.0" encoding="UTF-8"?>
<jcr:root xmlns:sling="http://sling.apache.org/jcr/sling/1.0" xmlns:cq="http://www.day.com/jcr/cq/1.0" xmlns:jcr="http://www.jcp.org/jcr/1.0" xmlns:mix="http://www.jcp.org/jcr/mix/1.0" xmlns:nt="http://www.jcp.org/jcr/nt/1.0"
    jcr:primaryType="cq:Page">
    <jcr:content
        cq:lastModified="{Date}2021-03-19T12:18:09.713Z"
        cq:lastModifiedBy="lena.mumenthaler@valtech.com"
        cq:lastReplicated="{Date}2021-04-12T12:33:45.136Z"
        cq:lastReplicatedBy="helmut.minst@valtech.de"
        cq:lastReplicationAction="Activate"
        cq:template="/conf/valtech-ch/settings/wcm/templates/xf-web-variation"
        cq:xfMasterVariation="{Boolean}true"
        cq:xfVariantType="web"
        jcr:isCheckedOut="{Boolean}true"
        jcr:mixinTypes="[mix:versionable]"
        jcr:primaryType="cq:PageContent"
        jcr:title="Header"
        jcr:uuid="6d294730-a119-4d85-9c21-25eb370f2bab"
        sling:resourceType="cq/experience-fragments/components/xfpage">
        <root
            jcr:lastModified="{Date}2021-03-11T11:45:29.862Z"
            jcr:lastModifiedBy="helmut.minst@valtech.de"
            jcr:primaryType="nt:unstructured"
            sling:resourceType="core/wcm/components/container/v1/container"
            layout="responsiveGrid">
            <image
                jcr:created="{Date}2021-03-11T10:37:58.859Z"
                jcr:createdBy="lena.mumenthaler@valtech.com"
                jcr:lastModified="{Date}2021-03-19T12:18:09.457Z"
                jcr:lastModifiedBy="lena.mumenthaler@valtech.com"
                jcr:primaryType="nt:unstructured"
                sling:resourceType="core/wcm/components/image/v2/image"
                alt="Logo thefestival_"
                altValueFromDAM="false"
                displayPopupTitle="true"
                fileReference="/content/dam/valtech-ch/site_logo_dark.svg"
                isDecorative="false"
                linkURL="/content/valtech-ch/en/home"
                titleValueFromDAM="true">
                <cq:responsive jcr:primaryType="nt:unstructured">
                    <default
                        jcr:primaryType="nt:unstructured"
                        offset="0"
                        width="3"/>
                    <phone
                        jcr:primaryType="nt:unstructured"
                        offset="0"
                        width="8"/>
                </cq:responsive>
            </image>
            <navigation
                jcr:created="{Date}2021-03-11T10:38:57.460Z"
                jcr:createdBy="lena.mumenthaler@valtech.com"
                jcr:lastModified="{Date}2021-03-18T15:43:13.025Z"
                jcr:lastModifiedBy="ivana.arsova@valtech.com"
                jcr:primaryType="nt:unstructured"
                sling:resourceType="core/wcm/components/navigation/v1/navigation"
                collectAllPages="false"
                disableShadowing="false"
                id="navigation-main"
                navigationRoot="/content/valtech-ch/en"
                structureDepth="1"
                structureStart="1">
                <cq:responsive jcr:primaryType="nt:unstructured">
                    <default
                        jcr:primaryType="nt:unstructured"
                        offset="0"
                        width="9"/>
                </cq:responsive>
            </navigation>
            <languagenavigation
                jcr:created="{Date}2021-03-11T10:39:13.956Z"
                jcr:createdBy="lena.mumenthaler@valtech.com"
                jcr:lastModified="{Date}2021-03-18T15:43:37.430Z"
                jcr:lastModifiedBy="ivana.arsova@valtech.com"
                jcr:primaryType="nt:unstructured"
                sling:resourceType="core/wcm/components/languagenavigation/v1/languagenavigation"
                id="navigation-lan"
                navigationRoot="/content/valtech-ch"
                structureDepth="1">
                <cq:responsive jcr:primaryType="nt:unstructured">
                    <default
                        jcr:primaryType="nt:unstructured"
                        offset="0"
                        width="1"/>
                </cq:responsive>
            </languagenavigation>
            <button
                jcr:created="{Date}2021-03-15T19:48:47.170Z"
                jcr:createdBy="ivana.arsova@valtech.com"
                jcr:lastModified="{Date}2021-03-18T15:20:49.413Z"
                jcr:lastModifiedBy="ivana.arsova@valtech.com"
                jcr:primaryType="nt:unstructured"
                sling:resourceType="core/wcm/components/button/v1/button"
                id="button-menu"/>
        </root>
        <cq:metadata jcr:primaryType="nt:unstructured"/>
    </jcr:content>
</jcr:root>
