<?xml version="1.0" encoding="UTF-8"?>
<jcr:root xmlns:sling="http://sling.apache.org/jcr/sling/1.0" xmlns:cq="http://www.day.com/jcr/cq/1.0" xmlns:jcr="http://www.jcp.org/jcr/1.0" xmlns:mix="http://www.jcp.org/jcr/mix/1.0" xmlns:nt="http://www.jcp.org/jcr/nt/1.0"
    jcr:primaryType="cq:Page">
    <jcr:content
        cq:lastModified="{Date}2021-04-11T10:23:36.011Z"
        cq:lastModifiedBy="nicolas.hirrle@valtech.com"
        cq:template="/conf/valtech-ch/settings/wcm/templates/artist-detail-page"
        jcr:isCheckedOut="{Boolean}true"
        jcr:mixinTypes="[mix:versionable]"
        jcr:primaryType="cq:PageContent"
        jcr:title="Taverns Along Doom"
        jcr:uuid="9008167d-6e2e-4929-9d3c-96f6db3d389e"
        sling:resourceType="core/wcm/components/page/v2/page">
        <root
            jcr:primaryType="nt:unstructured"
            sling:resourceType="core/wcm/components/container/v1/container">
            <container
                jcr:primaryType="nt:unstructured"
                sling:resourceType="core/wcm/components/container/v1/container"
                layout="responsiveGrid">
                <container
                    jcr:created="{Date}2021-03-19T09:16:29.959Z"
                    jcr:createdBy="lena.mumenthaler@valtech.com"
                    jcr:lastModified="{Date}2021-03-19T09:16:29.959Z"
                    jcr:lastModifiedBy="lena.mumenthaler@valtech.com"
                    jcr:primaryType="nt:unstructured"
                    sling:resourceType="core/wcm/components/container/v1/container">
                    <cq:responsive jcr:primaryType="nt:unstructured">
                        <default
                            jcr:primaryType="nt:unstructured"
                            offset="0"
                            width="6"/>
                    </cq:responsive>
                    <image
                        jcr:created="{Date}2021-03-11T13:00:05.800Z"
                        jcr:createdBy="lena.mumenthaler@valtech.com"
                        jcr:lastModified="{Date}2021-03-19T09:20:43.156Z"
                        jcr:lastModifiedBy="lena.mumenthaler@valtech.com"
                        jcr:primaryType="nt:unstructured"
                        sling:resourceType="core/wcm/components/image/v2/image"
                        altValueFromDAM="true"
                        displayPopupTitle="true"
                        fileReference="/content/dam/valtech_dk/banners/prostetic-hand.jpg"
                        isDecorative="false"
                        titleValueFromDAM="true">
                        <cq:responsive jcr:primaryType="nt:unstructured">
                            <default
                                jcr:primaryType="nt:unstructured"
                                offset="0"
                                width="6"/>
                        </cq:responsive>
                    </image>
                </container>
                <container_1733547865
                    jcr:created="{Date}2021-03-19T09:17:36.540Z"
                    jcr:createdBy="lena.mumenthaler@valtech.com"
                    jcr:lastModified="{Date}2021-03-19T09:17:36.540Z"
                    jcr:lastModifiedBy="lena.mumenthaler@valtech.com"
                    jcr:primaryType="nt:unstructured"
                    sling:resourceType="core/wcm/components/container/v1/container">
                    <container_1494545722
                        jcr:created="{Date}2021-03-11T12:53:00.208Z"
                        jcr:createdBy="lena.mumenthaler@valtech.com"
                        jcr:lastModified="{Date}2021-03-19T09:19:13.669Z"
                        jcr:lastModifiedBy="lena.mumenthaler@valtech.com"
                        jcr:primaryType="nt:unstructured"
                        sling:resourceType="core/wcm/components/container/v1/container"
                        backgroundImageReference="/content/dam/valtech-ch/background-shapes.png"
                        layout="responsiveGrid">
                        <cq:responsive jcr:primaryType="nt:unstructured">
                            <default
                                jcr:primaryType="nt:unstructured"
                                offset="0"
                                width="6"/>
                        </cq:responsive>
                        <contentfragmentlist
                            cq:styleIds="[1616144726190]"
                            jcr:created="{Date}2021-03-19T09:17:22.236Z"
                            jcr:createdBy="lena.mumenthaler@valtech.com"
                            jcr:lastModified="{Date}2021-03-19T09:21:57.591Z"
                            jcr:lastModifiedBy="lena.mumenthaler@valtech.com"
                            jcr:primaryType="nt:unstructured"
                            sling:resourceType="core/wcm/components/contentfragmentlist/v1/contentfragmentlist"
                            maxItems="4"
                            modelPath="/conf/valtech-ch/settings/dam/cfm/models/valtech-ch-music-styles"
                            orderBy="jcr:created"
                            parentPath="/content/dam/valtech-ch/content-fragments/pop"
                            sortOrder="asc"/>
                        <title
                            jcr:created="{Date}2021-03-11T12:53:29.135Z"
                            jcr:createdBy="lena.mumenthaler@valtech.com"
                            jcr:lastModified="{Date}2021-03-11T12:53:29.135Z"
                            jcr:lastModifiedBy="lena.mumenthaler@valtech.com"
                            jcr:primaryType="nt:unstructured"
                            sling:resourceType="core/wcm/components/title/v2/title">
                            <cq:responsive jcr:primaryType="nt:unstructured">
                                <default
                                    jcr:primaryType="nt:unstructured"
                                    offset="0"
                                    width="6"/>
                            </cq:responsive>
                        </title>
                        <separator
                            jcr:created="{Date}2021-03-19T09:18:53.766Z"
                            jcr:createdBy="lena.mumenthaler@valtech.com"
                            jcr:lastModified="{Date}2021-03-19T09:18:53.766Z"
                            jcr:lastModifiedBy="lena.mumenthaler@valtech.com"
                            jcr:primaryType="nt:unstructured"
                            sling:resourceType="core/wcm/components/separator/v1/separator"/>
                    </container_1494545722>
                    <cq:responsive jcr:primaryType="nt:unstructured">
                        <default
                            jcr:primaryType="nt:unstructured"
                            offset="0"
                            width="6"/>
                    </cq:responsive>
                    <container
                        jcr:created="{Date}2021-03-19T09:18:19.500Z"
                        jcr:createdBy="lena.mumenthaler@valtech.com"
                        jcr:lastModified="{Date}2021-03-19T09:18:19.500Z"
                        jcr:lastModifiedBy="lena.mumenthaler@valtech.com"
                        jcr:primaryType="nt:unstructured"
                        sling:resourceType="core/wcm/components/container/v1/container">
                        <text
                            jcr:created="{Date}2021-03-11T12:59:07.862Z"
                            jcr:createdBy="lena.mumenthaler@valtech.com"
                            jcr:lastModified="{Date}2021-03-11T12:59:07.862Z"
                            jcr:lastModifiedBy="lena.mumenthaler@valtech.com"
                            jcr:primaryType="nt:unstructured"
                            sling:resourceType="core/wcm/components/text/v2/text">
                            <cq:responsive jcr:primaryType="nt:unstructured">
                                <default
                                    jcr:primaryType="nt:unstructured"
                                    offset="0"
                                    width="12"/>
                            </cq:responsive>
                        </text>
                    </container>
                </container_1733547865>
            </container>
        </root>
    </jcr:content>
</jcr:root>
